x	y	key	label	showSelected1	showSelected2	group
-0.2	0	1	cost=0.5878	1	2e-04	-1
-0.2	0	1	cost=0.4015	1	2e-04	-1
-0.2	0	1	cost=0.5829	2	2e-04	-1
-0.2	0	1	cost=0.3965	2	2e-04	-1
-0.2	0	1	cost=0.5781	3	2e-04	-1
-0.2	0	1	cost=0.3916	3	2e-04	-1
-0.2	0	1	cost=0.5734	4	2e-04	-1
-0.2	0	1	cost=0.3868	4	2e-04	-1
-0.2	0	1	cost=0.5688	5	2e-04	-1
-0.2	0	1	cost=0.3822	5	2e-04	-1
-0.2	0	1	cost=0.5642	6	2e-04	-1
-0.2	0	1	cost=0.3776	6	2e-04	-1
-0.2	0	1	cost=0.5598	7	2e-04	-1
-0.2	0	1	cost=0.3732	7	2e-04	-1
-0.2	0	1	cost=0.5555	8	2e-04	-1
-0.2	0	1	cost=0.3689	8	2e-04	-1
-0.2	0	1	cost=0.5513	9	2e-04	-1
-0.2	0	1	cost=0.3647	9	2e-04	-1
-0.2	0	1	cost=0.5471	10	2e-04	-1
-0.2	0	1	cost=0.3606	10	2e-04	-1
-0.2	0	1	cost=0.5431	11	2e-04	-1
-0.2	0	1	cost=0.3566	11	2e-04	-1
-0.2	0	1	cost=0.5391	12	2e-04	-1
-0.2	0	1	cost=0.3527	12	2e-04	-1
-0.2	0	1	cost=0.5352	13	2e-04	-1
-0.2	0	1	cost=0.3489	13	2e-04	-1
-0.2	0	1	cost=0.5314	14	2e-04	-1
-0.2	0	1	cost=0.3452	14	2e-04	-1
-0.2	0	1	cost=0.5277	15	2e-04	-1
-0.2	0	1	cost=0.3416	15	2e-04	-1
-0.2	0	1	cost=0.5241	16	2e-04	-1
-0.2	0	1	cost=0.3380	16	2e-04	-1
-0.2	0	1	cost=0.5205	17	2e-04	-1
-0.2	0	1	cost=0.3346	17	2e-04	-1
-0.2	0	1	cost=0.5170	18	2e-04	-1
-0.2	0	1	cost=0.3313	18	2e-04	-1
-0.2	0	1	cost=0.5136	19	2e-04	-1
-0.2	0	1	cost=0.3280	19	2e-04	-1
-0.2	0	1	cost=0.5102	20	2e-04	-1
-0.2	0	1	cost=0.3248	20	2e-04	-1
-0.2	0	1	cost=0.5070	21	2e-04	-1
-0.2	0	1	cost=0.3217	21	2e-04	-1
-0.2	0	1	cost=0.5037	22	2e-04	-1
-0.2	0	1	cost=0.3187	22	2e-04	-1
-0.2	0	1	cost=0.5006	23	2e-04	-1
-0.2	0	1	cost=0.3157	23	2e-04	-1
-0.2	0	1	cost=0.4975	24	2e-04	-1
-0.2	0	1	cost=0.3129	24	2e-04	-1
-0.2	0	1	cost=0.4945	25	2e-04	-1
-0.2	0	1	cost=0.3101	25	2e-04	-1
-0.2	0	1	cost=0.4915	26	2e-04	-1
-0.2	0	1	cost=0.3073	26	2e-04	-1
-0.2	0	1	cost=0.4886	27	2e-04	-1
-0.2	0	1	cost=0.3047	27	2e-04	-1
-0.2	0	1	cost=0.4858	28	2e-04	-1
-0.2	0	1	cost=0.3021	28	2e-04	-1
-0.2	0	1	cost=0.4830	29	2e-04	-1
-0.2	0	1	cost=0.2995	29	2e-04	-1
-0.2	0	1	cost=0.4803	30	2e-04	-1
-0.2	0	1	cost=0.2971	30	2e-04	-1
-0.2	0	1	cost=0.3269	Inf	2e-04	-1
-0.2	0	1	cost=0.1998	Inf	2e-04	-1
-0.2	0	1	cost=0.5878	1	3e-04	-1
-0.2	0	1	cost=0.4015	1	3e-04	-1
-0.2	0	1	cost=0.5804	2	3e-04	-1
-0.2	0	1	cost=0.3940	2	3e-04	-1
-0.2	0	1	cost=0.5733	3	3e-04	-1
-0.2	0	1	cost=0.3868	3	3e-04	-1
-0.2	0	1	cost=0.5664	4	3e-04	-1
-0.2	0	1	cost=0.3798	4	3e-04	-1
-0.2	0	1	cost=0.5598	5	3e-04	-1
-0.2	0	1	cost=0.3731	5	3e-04	-1
-0.2	0	1	cost=0.5533	6	3e-04	-1
-0.2	0	1	cost=0.3667	6	3e-04	-1
-0.2	0	1	cost=0.5470	7	3e-04	-1
-0.2	0	1	cost=0.3605	7	3e-04	-1
-0.2	0	1	cost=0.5410	8	3e-04	-1
-0.2	0	1	cost=0.3545	8	3e-04	-1
-0.2	0	1	cost=0.5351	9	3e-04	-1
-0.2	0	1	cost=0.3487	9	3e-04	-1
-0.2	0	1	cost=0.5294	10	3e-04	-1
-0.2	0	1	cost=0.3432	10	3e-04	-1
-0.2	0	1	cost=0.5239	11	3e-04	-1
-0.2	0	1	cost=0.3379	11	3e-04	-1
-0.2	0	1	cost=0.5186	12	3e-04	-1
-0.2	0	1	cost=0.3328	12	3e-04	-1
-0.2	0	1	cost=0.5134	13	3e-04	-1
-0.2	0	1	cost=0.3278	13	3e-04	-1
-0.2	0	1	cost=0.5084	14	3e-04	-1
-0.2	0	1	cost=0.3231	14	3e-04	-1
-0.2	0	1	cost=0.5035	15	3e-04	-1
-0.2	0	1	cost=0.3185	15	3e-04	-1
-0.2	0	1	cost=0.4988	16	3e-04	-1
-0.2	0	1	cost=0.3141	16	3e-04	-1
-0.2	0	1	cost=0.4943	17	3e-04	-1
-0.2	0	1	cost=0.3099	17	3e-04	-1
-0.2	0	1	cost=0.4899	18	3e-04	-1
-0.2	0	1	cost=0.3058	18	3e-04	-1
-0.2	0	1	cost=0.4856	19	3e-04	-1
-0.2	0	1	cost=0.3019	19	3e-04	-1
-0.2	0	1	cost=0.4814	20	3e-04	-1
-0.2	0	1	cost=0.2981	20	3e-04	-1
-0.2	0	1	cost=0.4774	21	3e-04	-1
-0.2	0	1	cost=0.2944	21	3e-04	-1
-0.2	0	1	cost=0.4735	22	3e-04	-1
-0.2	0	1	cost=0.2909	22	3e-04	-1
-0.2	0	1	cost=0.4697	23	3e-04	-1
-0.2	0	1	cost=0.2876	23	3e-04	-1
-0.2	0	1	cost=0.4660	24	3e-04	-1
-0.2	0	1	cost=0.2843	24	3e-04	-1
-0.2	0	1	cost=0.4624	25	3e-04	-1
-0.2	0	1	cost=0.2812	25	3e-04	-1
-0.2	0	1	cost=0.4590	26	3e-04	-1
-0.2	0	1	cost=0.2782	26	3e-04	-1
-0.2	0	1	cost=0.4556	27	3e-04	-1
-0.2	0	1	cost=0.2753	27	3e-04	-1
-0.2	0	1	cost=0.4524	28	3e-04	-1
-0.2	0	1	cost=0.2725	28	3e-04	-1
-0.2	0	1	cost=0.4492	29	3e-04	-1
-0.2	0	1	cost=0.2698	29	3e-04	-1
-0.2	0	1	cost=0.4461	30	3e-04	-1
-0.2	0	1	cost=0.2672	30	3e-04	-1
-0.2	0	1	cost=0.3269	Inf	3e-04	-1
-0.2	0	1	cost=0.1998	Inf	3e-04	-1
-0.2	0	1	cost=0.5878	1	6e-04	-1
-0.2	0	1	cost=0.4015	1	6e-04	-1
-0.2	0	1	cost=0.5732	2	6e-04	-1
-0.2	0	1	cost=0.3866	2	6e-04	-1
-0.2	0	1	cost=0.5595	3	6e-04	-1
-0.2	0	1	cost=0.3729	3	6e-04	-1
-0.2	0	1	cost=0.5467	4	6e-04	-1
-0.2	0	1	cost=0.3601	4	6e-04	-1
-0.2	0	1	cost=0.5347	5	6e-04	-1
-0.2	0	1	cost=0.3483	5	6e-04	-1
-0.2	0	1	cost=0.5234	6	6e-04	-1
-0.2	0	1	cost=0.3374	6	6e-04	-1
-0.2	0	1	cost=0.5128	7	6e-04	-1
-0.2	0	1	cost=0.3273	7	6e-04	-1
-0.2	0	1	cost=0.5029	8	6e-04	-1
-0.2	0	1	cost=0.3179	8	6e-04	-1
-0.2	0	1	cost=0.4936	9	6e-04	-1
-0.2	0	1	cost=0.3092	9	6e-04	-1
-0.2	0	1	cost=0.4849	10	6e-04	-1
-0.2	0	1	cost=0.3012	10	6e-04	-1
-0.2	0	1	cost=0.4767	11	6e-04	-1
-0.2	0	1	cost=0.2937	11	6e-04	-1
-0.2	0	1	cost=0.4689	12	6e-04	-1
-0.2	0	1	cost=0.2869	12	6e-04	-1
-0.2	0	1	cost=0.4617	13	6e-04	-1
-0.2	0	1	cost=0.2805	13	6e-04	-1
-0.2	0	1	cost=0.4548	14	6e-04	-1
-0.2	0	1	cost=0.2746	14	6e-04	-1
-0.2	0	1	cost=0.4484	15	6e-04	-1
-0.2	0	1	cost=0.2691	15	6e-04	-1
-0.2	0	1	cost=0.4424	16	6e-04	-1
-0.2	0	1	cost=0.2640	16	6e-04	-1
-0.2	0	1	cost=0.4367	17	6e-04	-1
-0.2	0	1	cost=0.2593	17	6e-04	-1
-0.2	0	1	cost=0.4313	18	6e-04	-1
-0.2	0	1	cost=0.2550	18	6e-04	-1
-0.2	0	1	cost=0.4262	19	6e-04	-1
-0.2	0	1	cost=0.2510	19	6e-04	-1
-0.2	0	1	cost=0.4214	20	6e-04	-1
-0.2	0	1	cost=0.2472	20	6e-04	-1
-0.2	0	1	cost=0.4169	21	6e-04	-1
-0.2	0	1	cost=0.2438	21	6e-04	-1
-0.2	0	1	cost=0.4127	22	6e-04	-1
-0.2	0	1	cost=0.2406	22	6e-04	-1
-0.2	0	1	cost=0.4086	23	6e-04	-1
-0.2	0	1	cost=0.2376	23	6e-04	-1
-0.2	0	1	cost=0.4048	24	6e-04	-1
-0.2	0	1	cost=0.2349	24	6e-04	-1
-0.2	0	1	cost=0.4012	25	6e-04	-1
-0.2	0	1	cost=0.2323	25	6e-04	-1
-0.2	0	1	cost=0.3978	26	6e-04	-1
-0.2	0	1	cost=0.2300	26	6e-04	-1
-0.2	0	1	cost=0.3946	27	6e-04	-1
-0.2	0	1	cost=0.2278	27	6e-04	-1
-0.2	0	1	cost=0.3916	28	6e-04	-1
-0.2	0	1	cost=0.2258	28	6e-04	-1
-0.2	0	1	cost=0.3887	29	6e-04	-1
-0.2	0	1	cost=0.2239	29	6e-04	-1
-0.2	0	1	cost=0.3860	30	6e-04	-1
-0.2	0	1	cost=0.2221	30	6e-04	-1
-0.2	0	1	cost=0.3269	Inf	6e-04	-1
-0.2	0	1	cost=0.1998	Inf	6e-04	-1
-0.2	0	1	cost=0.5878	1	0.001	-1
-0.2	0	1	cost=0.4015	1	0.001	-1
-0.2	0	1	cost=0.5637	2	0.001	-1
-0.2	0	1	cost=0.3770	2	0.001	-1
-0.2	0	1	cost=0.5421	3	0.001	-1
-0.2	0	1	cost=0.3555	3	0.001	-1
-0.2	0	1	cost=0.5227	4	0.001	-1
-0.2	0	1	cost=0.3367	4	0.001	-1
-0.2	0	1	cost=0.5053	5	0.001	-1
-0.2	0	1	cost=0.3201	5	0.001	-1
-0.2	0	1	cost=0.4897	6	0.001	-1
-0.2	0	1	cost=0.3056	6	0.001	-1
-0.2	0	1	cost=0.4757	7	0.001	-1
-0.2	0	1	cost=0.2928	7	0.001	-1
-0.2	0	1	cost=0.4630	8	0.001	-1
-0.2	0	1	cost=0.2816	8	0.001	-1
-0.2	0	1	cost=0.4516	9	0.001	-1
-0.2	0	1	cost=0.2717	9	0.001	-1
-0.2	0	1	cost=0.4413	10	0.001	-1
-0.2	0	1	cost=0.2631	10	0.001	-1
-0.2	0	1	cost=0.4319	11	0.001	-1
-0.2	0	1	cost=0.2555	11	0.001	-1
-0.2	0	1	cost=0.4235	12	0.001	-1
-0.2	0	1	cost=0.2488	12	0.001	-1
-0.2	0	1	cost=0.4159	13	0.001	-1
-0.2	0	1	cost=0.2429	13	0.001	-1
-0.2	0	1	cost=0.4089	14	0.001	-1
-0.2	0	1	cost=0.2378	14	0.001	-1
-0.2	0	1	cost=0.4026	15	0.001	-1
-0.2	0	1	cost=0.2332	15	0.001	-1
-0.2	0	1	cost=0.3968	16	0.001	-1
-0.2	0	1	cost=0.2292	16	0.001	-1
-0.2	0	1	cost=0.3916	17	0.001	-1
-0.2	0	1	cost=0.2257	17	0.001	-1
-0.2	0	1	cost=0.3868	18	0.001	-1
-0.2	0	1	cost=0.2226	18	0.001	-1
-0.2	0	1	cost=0.3825	19	0.001	-1
-0.2	0	1	cost=0.2199	19	0.001	-1
-0.2	0	1	cost=0.3785	20	0.001	-1
-0.2	0	1	cost=0.2175	20	0.001	-1
-0.2	0	1	cost=0.3748	21	0.001	-1
-0.2	0	1	cost=0.2154	21	0.001	-1
-0.2	0	1	cost=0.3715	22	0.001	-1
-0.2	0	1	cost=0.2136	22	0.001	-1
-0.2	0	1	cost=0.3684	23	0.001	-1
-0.2	0	1	cost=0.2120	23	0.001	-1
-0.2	0	1	cost=0.3655	24	0.001	-1
-0.2	0	1	cost=0.2105	24	0.001	-1
-0.2	0	1	cost=0.3629	25	0.001	-1
-0.2	0	1	cost=0.2093	25	0.001	-1
-0.2	0	1	cost=0.3605	26	0.001	-1
-0.2	0	1	cost=0.2081	26	0.001	-1
-0.2	0	1	cost=0.3583	27	0.001	-1
-0.2	0	1	cost=0.2072	27	0.001	-1
-0.2	0	1	cost=0.3563	28	0.001	-1
-0.2	0	1	cost=0.2063	28	0.001	-1
-0.2	0	1	cost=0.3544	29	0.001	-1
-0.2	0	1	cost=0.2055	29	0.001	-1
-0.2	0	1	cost=0.3526	30	0.001	-1
-0.2	0	1	cost=0.2049	30	0.001	-1
-0.2	0	1	cost=0.3269	Inf	0.001	-1
-0.2	0	1	cost=0.1998	Inf	0.001	-1
-0.2	0	1	cost=0.5878	1	0.0018	-1
-0.2	0	1	cost=0.4015	1	0.0018	-1
-0.2	0	1	cost=0.5452	2	0.0018	-1
-0.2	0	1	cost=0.3586	2	0.0018	-1
-0.2	0	1	cost=0.5105	3	0.0018	-1
-0.2	0	1	cost=0.3249	3	0.0018	-1
-0.2	0	1	cost=0.4819	4	0.0018	-1
-0.2	0	1	cost=0.2984	4	0.0018	-1
-0.2	0	1	cost=0.4584	5	0.0018	-1
-0.2	0	1	cost=0.2775	5	0.0018	-1
-0.2	0	1	cost=0.4390	6	0.0018	-1
-0.2	0	1	cost=0.2611	6	0.0018	-1
-0.2	0	1	cost=0.4229	7	0.0018	-1
-0.2	0	1	cost=0.2482	7	0.0018	-1
-0.2	0	1	cost=0.4094	8	0.0018	-1
-0.2	0	1	cost=0.2380	8	0.0018	-1
-0.2	0	1	cost=0.3982	9	0.0018	-1
-0.2	0	1	cost=0.2300	9	0.0018	-1
-0.2	0	1	cost=0.3887	10	0.0018	-1
-0.2	0	1	cost=0.2237	10	0.0018	-1
-0.2	0	1	cost=0.3806	11	0.0018	-1
-0.2	0	1	cost=0.2187	11	0.0018	-1
-0.2	0	1	cost=0.3738	12	0.0018	-1
-0.2	0	1	cost=0.2148	12	0.0018	-1
-0.2	0	1	cost=0.3680	13	0.0018	-1
-0.2	0	1	cost=0.2117	13	0.0018	-1
-0.2	0	1	cost=0.3630	14	0.0018	-1
-0.2	0	1	cost=0.2092	14	0.0018	-1
-0.2	0	1	cost=0.3587	15	0.0018	-1
-0.2	0	1	cost=0.2073	15	0.0018	-1
-0.2	0	1	cost=0.3550	16	0.0018	-1
-0.2	0	1	cost=0.2057	16	0.0018	-1
-0.2	0	1	cost=0.3518	17	0.0018	-1
-0.2	0	1	cost=0.2045	17	0.0018	-1
-0.2	0	1	cost=0.3490	18	0.0018	-1
-0.2	0	1	cost=0.2036	18	0.0018	-1
-0.2	0	1	cost=0.3465	19	0.0018	-1
-0.2	0	1	cost=0.2028	19	0.0018	-1
-0.2	0	1	cost=0.3444	20	0.0018	-1
-0.2	0	1	cost=0.2022	20	0.0018	-1
-0.2	0	1	cost=0.3425	21	0.0018	-1
-0.2	0	1	cost=0.2017	21	0.0018	-1
-0.2	0	1	cost=0.3409	22	0.0018	-1
-0.2	0	1	cost=0.2013	22	0.0018	-1
-0.2	0	1	cost=0.3394	23	0.0018	-1
-0.2	0	1	cost=0.2010	23	0.0018	-1
-0.2	0	1	cost=0.3381	24	0.0018	-1
-0.2	0	1	cost=0.2008	24	0.0018	-1
-0.2	0	1	cost=0.3370	25	0.0018	-1
-0.2	0	1	cost=0.2006	25	0.0018	-1
-0.2	0	1	cost=0.3359	26	0.0018	-1
-0.2	0	1	cost=0.2004	26	0.0018	-1
-0.2	0	1	cost=0.3350	27	0.0018	-1
-0.2	0	1	cost=0.2003	27	0.0018	-1
-0.2	0	1	cost=0.3342	28	0.0018	-1
-0.2	0	1	cost=0.2002	28	0.0018	-1
-0.2	0	1	cost=0.3335	29	0.0018	-1
-0.2	0	1	cost=0.2001	29	0.0018	-1
-0.2	0	1	cost=0.3328	30	0.0018	-1
-0.2	0	1	cost=0.2001	30	0.0018	-1
-0.2	0	1	cost=0.3269	Inf	0.0018	-1
-0.2	0	1	cost=0.1998	Inf	0.0018	-1
-0.2	0	1	cost=0.5878	1	0.0032	-1
-0.2	0	1	cost=0.4015	1	0.0032	-1
-0.2	0	1	cost=0.5147	2	0.0032	-1
-0.2	0	1	cost=0.3288	2	0.0032	-1
-0.2	0	1	cost=0.4644	3	0.0032	-1
-0.2	0	1	cost=0.2825	3	0.0032	-1
-0.2	0	1	cost=0.4291	4	0.0032	-1
-0.2	0	1	cost=0.2529	4	0.0032	-1
-0.2	0	1	cost=0.4041	5	0.0032	-1
-0.2	0	1	cost=0.2340	5	0.0032	-1
-0.2	0	1	cost=0.3860	6	0.0032	-1
-0.2	0	1	cost=0.2218	6	0.0032	-1
-0.2	0	1	cost=0.3728	7	0.0032	-1
-0.2	0	1	cost=0.2141	7	0.0032	-1
-0.2	0	1	cost=0.3629	8	0.0032	-1
-0.2	0	1	cost=0.2091	8	0.0032	-1
-0.2	0	1	cost=0.3555	9	0.0032	-1
-0.2	0	1	cost=0.2058	9	0.0032	-1
-0.2	0	1	cost=0.3497	10	0.0032	-1
-0.2	0	1	cost=0.2037	10	0.0032	-1
-0.2	0	1	cost=0.3453	11	0.0032	-1
-0.2	0	1	cost=0.2024	11	0.0032	-1
-0.2	0	1	cost=0.3418	12	0.0032	-1
-0.2	0	1	cost=0.2015	12	0.0032	-1
-0.2	0	1	cost=0.3390	13	0.0032	-1
-0.2	0	1	cost=0.2009	13	0.0032	-1
-0.2	0	1	cost=0.3368	14	0.0032	-1
-0.2	0	1	cost=0.2005	14	0.0032	-1
-0.2	0	1	cost=0.3350	15	0.0032	-1
-0.2	0	1	cost=0.2003	15	0.0032	-1
-0.2	0	1	cost=0.3336	16	0.0032	-1
-0.2	0	1	cost=0.2001	16	0.0032	-1
-0.2	0	1	cost=0.3324	17	0.0032	-1
-0.2	0	1	cost=0.2000	17	0.0032	-1
-0.2	0	1	cost=0.3315	18	0.0032	-1
-0.2	0	1	cost=0.2000	18	0.0032	-1
-0.2	0	1	cost=0.3307	19	0.0032	-1
-0.2	0	1	cost=0.1999	19	0.0032	-1
-0.2	0	1	cost=0.3301	20	0.0032	-1
-0.2	0	1	cost=0.1999	20	0.0032	-1
-0.2	0	1	cost=0.3295	21	0.0032	-1
-0.2	0	1	cost=0.1999	21	0.0032	-1
-0.2	0	1	cost=0.3291	22	0.0032	-1
-0.2	0	1	cost=0.1998	22	0.0032	-1
-0.2	0	1	cost=0.3287	23	0.0032	-1
-0.2	0	1	cost=0.1998	23	0.0032	-1
-0.2	0	1	cost=0.3284	24	0.0032	-1
-0.2	0	1	cost=0.1998	24	0.0032	-1
-0.2	0	1	cost=0.3282	25	0.0032	-1
-0.2	0	1	cost=0.1998	25	0.0032	-1
-0.2	0	1	cost=0.3280	26	0.0032	-1
-0.2	0	1	cost=0.1998	26	0.0032	-1
-0.2	0	1	cost=0.3278	27	0.0032	-1
-0.2	0	1	cost=0.1998	27	0.0032	-1
-0.2	0	1	cost=0.3276	28	0.0032	-1
-0.2	0	1	cost=0.1998	28	0.0032	-1
-0.2	0	1	cost=0.3275	29	0.0032	-1
-0.2	0	1	cost=0.1998	29	0.0032	-1
-0.2	0	1	cost=0.3274	30	0.0032	-1
-0.2	0	1	cost=0.1998	30	0.0032	-1
-0.2	0	1	cost=0.3269	Inf	0.0032	-1
-0.2	0	1	cost=0.1998	Inf	0.0032	-1
-0.2	0	1	cost=0.5878	1	0.0056	-1
-0.2	0	1	cost=0.4015	1	0.0056	-1
-0.2	0	1	cost=0.4678	2	0.0056	-1
-0.2	0	1	cost=0.2850	2	0.0056	-1
-0.2	0	1	cost=0.4078	3	0.0056	-1
-0.2	0	1	cost=0.2361	3	0.0056	-1
-0.2	0	1	cost=0.3760	4	0.0056	-1
-0.2	0	1	cost=0.2155	4	0.0056	-1
-0.2	0	1	cost=0.3580	5	0.0056	-1
-0.2	0	1	cost=0.2066	5	0.0056	-1
-0.2	0	1	cost=0.3473	6	0.0056	-1
-0.2	0	1	cost=0.2028	6	0.0056	-1
-0.2	0	1	cost=0.3406	7	0.0056	-1
-0.2	0	1	cost=0.2012	7	0.0056	-1
-0.2	0	1	cost=0.3363	8	0.0056	-1
-0.2	0	1	cost=0.2004	8	0.0056	-1
-0.2	0	1	cost=0.3334	9	0.0056	-1
-0.2	0	1	cost=0.2001	9	0.0056	-1
-0.2	0	1	cost=0.3314	10	0.0056	-1
-0.2	0	1	cost=0.1999	10	0.0056	-1
-0.2	0	1	cost=0.3301	11	0.0056	-1
-0.2	0	1	cost=0.1999	11	0.0056	-1
-0.2	0	1	cost=0.3292	12	0.0056	-1
-0.2	0	1	cost=0.1998	12	0.0056	-1
-0.2	0	1	cost=0.3285	13	0.0056	-1
-0.2	0	1	cost=0.1998	13	0.0056	-1
-0.2	0	1	cost=0.3280	14	0.0056	-1
-0.2	0	1	cost=0.1998	14	0.0056	-1
-0.2	0	1	cost=0.3277	15	0.0056	-1
-0.2	0	1	cost=0.1998	15	0.0056	-1
-0.2	0	1	cost=0.3275	16	0.0056	-1
-0.2	0	1	cost=0.1998	16	0.0056	-1
-0.2	0	1	cost=0.3273	17	0.0056	-1
-0.2	0	1	cost=0.1998	17	0.0056	-1
-0.2	0	1	cost=0.3272	18	0.0056	-1
-0.2	0	1	cost=0.1998	18	0.0056	-1
-0.2	0	1	cost=0.3271	19	0.0056	-1
-0.2	0	1	cost=0.1998	19	0.0056	-1
-0.2	0	1	cost=0.3271	20	0.0056	-1
-0.2	0	1	cost=0.1998	20	0.0056	-1
-0.2	0	1	cost=0.3270	21	0.0056	-1
-0.2	0	1	cost=0.1998	21	0.0056	-1
-0.2	0	1	cost=0.3270	22	0.0056	-1
-0.2	0	1	cost=0.1998	22	0.0056	-1
-0.2	0	1	cost=0.3270	23	0.0056	-1
-0.2	0	1	cost=0.1998	23	0.0056	-1
-0.2	0	1	cost=0.3270	24	0.0056	-1
-0.2	0	1	cost=0.1998	24	0.0056	-1
-0.2	0	1	cost=0.3269	25	0.0056	-1
-0.2	0	1	cost=0.1998	25	0.0056	-1
-0.2	0	1	cost=0.3269	26	0.0056	-1
-0.2	0	1	cost=0.1998	26	0.0056	-1
-0.2	0	1	cost=0.3269	27	0.0056	-1
-0.2	0	1	cost=0.1998	27	0.0056	-1
-0.2	0	1	cost=0.3269	28	0.0056	-1
-0.2	0	1	cost=0.1998	28	0.0056	-1
-0.2	0	1	cost=0.3269	29	0.0056	-1
-0.2	0	1	cost=0.1998	29	0.0056	-1
-0.2	0	1	cost=0.3269	30	0.0056	-1
-0.2	0	1	cost=0.1998	30	0.0056	-1
-0.2	0	1	cost=0.3269	Inf	0.0056	-1
-0.2	0	1	cost=0.1998	Inf	0.0056	-1
-0.2	0	1	cost=0.5878	1	0.01	-1
-0.2	0	1	cost=0.4015	1	0.01	-1
-0.2	0	1	cost=0.3991	2	0.01	-1
-0.2	0	1	cost=0.2285	2	0.01	-1
-0.2	0	1	cost=0.3535	3	0.01	-1
-0.2	0	1	cost=0.2043	3	0.01	-1
-0.2	0	1	cost=0.3383	4	0.01	-1
-0.2	0	1	cost=0.2006	4	0.01	-1
-0.2	0	1	cost=0.3322	5	0.01	-1
-0.2	0	1	cost=0.2000	5	0.01	-1
-0.2	0	1	cost=0.3294	6	0.01	-1
-0.2	0	1	cost=0.1998	6	0.01	-1
-0.2	0	1	cost=0.3281	7	0.01	-1
-0.2	0	1	cost=0.1998	7	0.01	-1
-0.2	0	1	cost=0.3275	8	0.01	-1
-0.2	0	1	cost=0.1998	8	0.01	-1
-0.2	0	1	cost=0.3272	9	0.01	-1
-0.2	0	1	cost=0.1998	9	0.01	-1
-0.2	0	1	cost=0.3271	10	0.01	-1
-0.2	0	1	cost=0.1998	10	0.01	-1
-0.2	0	1	cost=0.3270	11	0.01	-1
-0.2	0	1	cost=0.1998	11	0.01	-1
-0.2	0	1	cost=0.3270	12	0.01	-1
-0.2	0	1	cost=0.1998	12	0.01	-1
-0.2	0	1	cost=0.3269	13	0.01	-1
-0.2	0	1	cost=0.1998	13	0.01	-1
-0.2	0	1	cost=0.3269	14	0.01	-1
-0.2	0	1	cost=0.1998	14	0.01	-1
-0.2	0	1	cost=0.3269	15	0.01	-1
-0.2	0	1	cost=0.1998	15	0.01	-1
-0.2	0	1	cost=0.3269	16	0.01	-1
-0.2	0	1	cost=0.1998	16	0.01	-1
-0.2	0	1	cost=0.3269	17	0.01	-1
-0.2	0	1	cost=0.1998	17	0.01	-1
-0.2	0	1	cost=0.3269	18	0.01	-1
-0.2	0	1	cost=0.1998	18	0.01	-1
-0.2	0	1	cost=0.3269	19	0.01	-1
-0.2	0	1	cost=0.1998	19	0.01	-1
-0.2	0	1	cost=0.3269	20	0.01	-1
-0.2	0	1	cost=0.1998	20	0.01	-1
-0.2	0	1	cost=0.3269	21	0.01	-1
-0.2	0	1	cost=0.1998	21	0.01	-1
-0.2	0	1	cost=0.3269	22	0.01	-1
-0.2	0	1	cost=0.1998	22	0.01	-1
-0.2	0	1	cost=0.3269	23	0.01	-1
-0.2	0	1	cost=0.1998	23	0.01	-1
-0.2	0	1	cost=0.3269	24	0.01	-1
-0.2	0	1	cost=0.1998	24	0.01	-1
-0.2	0	1	cost=0.3269	25	0.01	-1
-0.2	0	1	cost=0.1998	25	0.01	-1
-0.2	0	1	cost=0.3269	26	0.01	-1
-0.2	0	1	cost=0.1998	26	0.01	-1
-0.2	0	1	cost=0.3269	27	0.01	-1
-0.2	0	1	cost=0.1998	27	0.01	-1
-0.2	0	1	cost=0.3269	28	0.01	-1
-0.2	0	1	cost=0.1998	28	0.01	-1
-0.2	0	1	cost=0.3269	29	0.01	-1
-0.2	0	1	cost=0.1998	29	0.01	-1
-0.2	0	1	cost=0.3269	30	0.01	-1
-0.2	0	1	cost=0.1998	30	0.01	-1
-0.2	0	1	cost=0.3269	Inf	0.01	-1
-0.2	0	1	cost=0.1998	Inf	0.01	-1
-0.2	0	1	cost=0.5878	1	0.0178	-1
-0.2	0	1	cost=0.4015	1	0.0178	-1
-0.2	0	1	cost=0.3327	2	0.0178	-1
-0.2	0	1	cost=0.2044	2	0.0178	-1
-0.2	0	1	cost=0.3288	3	0.0178	-1
-0.2	0	1	cost=0.1999	3	0.0178	-1
-0.2	0	1	cost=0.3269	4	0.0178	-1
-0.2	0	1	cost=0.1998	4	0.0178	-1
-0.2	0	1	cost=0.3270	5	0.0178	-1
-0.2	0	1	cost=0.1998	5	0.0178	-1
-0.2	0	1	cost=0.3269	6	0.0178	-1
-0.2	0	1	cost=0.1998	6	0.0178	-1
-0.2	0	1	cost=0.3269	7	0.0178	-1
-0.2	0	1	cost=0.1998	7	0.0178	-1
-0.2	0	1	cost=0.3269	8	0.0178	-1
-0.2	0	1	cost=0.1998	8	0.0178	-1
-0.2	0	1	cost=0.3269	9	0.0178	-1
-0.2	0	1	cost=0.1998	9	0.0178	-1
-0.2	0	1	cost=0.3269	10	0.0178	-1
-0.2	0	1	cost=0.1998	10	0.0178	-1
-0.2	0	1	cost=0.3269	11	0.0178	-1
-0.2	0	1	cost=0.1998	11	0.0178	-1
-0.2	0	1	cost=0.3269	12	0.0178	-1
-0.2	0	1	cost=0.1998	12	0.0178	-1
-0.2	0	1	cost=0.3269	13	0.0178	-1
-0.2	0	1	cost=0.1998	13	0.0178	-1
-0.2	0	1	cost=0.3269	14	0.0178	-1
-0.2	0	1	cost=0.1998	14	0.0178	-1
-0.2	0	1	cost=0.3269	15	0.0178	-1
-0.2	0	1	cost=0.1998	15	0.0178	-1
-0.2	0	1	cost=0.3269	16	0.0178	-1
-0.2	0	1	cost=0.1998	16	0.0178	-1
-0.2	0	1	cost=0.3269	17	0.0178	-1
-0.2	0	1	cost=0.1998	17	0.0178	-1
-0.2	0	1	cost=0.3269	18	0.0178	-1
-0.2	0	1	cost=0.1998	18	0.0178	-1
-0.2	0	1	cost=0.3269	19	0.0178	-1
-0.2	0	1	cost=0.1998	19	0.0178	-1
-0.2	0	1	cost=0.3269	20	0.0178	-1
-0.2	0	1	cost=0.1998	20	0.0178	-1
-0.2	0	1	cost=0.3269	21	0.0178	-1
-0.2	0	1	cost=0.1998	21	0.0178	-1
-0.2	0	1	cost=0.3269	22	0.0178	-1
-0.2	0	1	cost=0.1998	22	0.0178	-1
-0.2	0	1	cost=0.3269	23	0.0178	-1
-0.2	0	1	cost=0.1998	23	0.0178	-1
-0.2	0	1	cost=0.3269	24	0.0178	-1
-0.2	0	1	cost=0.1998	24	0.0178	-1
-0.2	0	1	cost=0.3269	25	0.0178	-1
-0.2	0	1	cost=0.1998	25	0.0178	-1
-0.2	0	1	cost=0.3269	26	0.0178	-1
-0.2	0	1	cost=0.1998	26	0.0178	-1
-0.2	0	1	cost=0.3269	27	0.0178	-1
-0.2	0	1	cost=0.1998	27	0.0178	-1
-0.2	0	1	cost=0.3269	28	0.0178	-1
-0.2	0	1	cost=0.1998	28	0.0178	-1
-0.2	0	1	cost=0.3269	29	0.0178	-1
-0.2	0	1	cost=0.1998	29	0.0178	-1
-0.2	0	1	cost=0.3269	30	0.0178	-1
-0.2	0	1	cost=0.1998	30	0.0178	-1
-0.2	0	1	cost=0.3269	Inf	0.0178	-1
-0.2	0	1	cost=0.1998	Inf	0.0178	-1
-0.2	0	1	cost=0.5878	1	0.0316	-1
-0.2	0	1	cost=0.4015	1	0.0316	-1
-0.2	0	1	cost=0.3890	2	0.0316	-1
-0.2	0	1	cost=0.3997	2	0.0316	-1
-0.2	0	1	cost=0.5386	3	0.0316	-1
-0.2	0	1	cost=0.4140	3	0.0316	-1
-0.2	0	1	cost=0.4328	4	0.0316	-1
-0.2	0	1	cost=0.4354	4	0.0316	-1
-0.2	0	1	cost=0.5578	5	0.0316	-1
-0.2	0	1	cost=0.4612	5	0.0316	-1
-0.2	0	1	cost=0.4747	6	0.0316	-1
-0.2	0	1	cost=0.4904	6	0.0316	-1
-0.2	0	1	cost=0.5996	7	0.0316	-1
-0.2	0	1	cost=0.5231	7	0.0316	-1
-0.2	0	1	cost=0.5200	8	0.0316	-1
-0.2	0	1	cost=0.5596	8	0.0316	-1
-0.2	0	1	cost=0.6561	9	0.0316	-1
-0.2	0	1	cost=0.6003	9	0.0316	-1
-0.2	0	1	cost=0.5740	10	0.0316	-1
-0.2	0	1	cost=0.6455	10	0.0316	-1
-0.2	0	1	cost=0.7271	11	0.0316	-1
-0.2	0	1	cost=0.6959	11	0.0316	-1
-0.2	0	1	cost=0.6408	12	0.0316	-1
-0.2	0	1	cost=0.7520	12	0.0316	-1
-0.2	0	1	cost=0.8148	13	0.0316	-1
-0.2	0	1	cost=0.8144	13	0.0316	-1
-0.2	0	1	cost=0.7239	14	0.0316	-1
-0.2	0	1	cost=0.8839	14	0.0316	-1
-0.2	0	1	cost=0.9227	15	0.0316	-1
-0.2	0	1	cost=0.9612	15	0.0316	-1
-0.2	0	1	cost=0.8277	16	0.0316	-1
-0.2	0	1	cost=1.0473	16	0.0316	-1
-0.2	0	1	cost=1.0556	17	0.0316	-1
-0.2	0	1	cost=1.1430	17	0.0316	-1
-0.2	0	1	cost=0.9573	18	0.0316	-1
-0.2	0	1	cost=1.2497	18	0.0316	-1
-0.2	0	1	cost=1.2191	19	0.0316	-1
-0.2	0	1	cost=1.3683	19	0.0316	-1
-0.2	0	1	cost=1.1189	20	0.0316	-1
-0.2	0	1	cost=1.5004	20	0.0316	-1
-0.2	0	1	cost=1.4205	21	0.0316	-1
-0.2	0	1	cost=1.6474	21	0.0316	-1
-0.2	0	1	cost=1.3204	22	0.0316	-1
-0.2	0	1	cost=1.8110	22	0.0316	-1
-0.2	0	1	cost=1.6687	23	0.0316	-1
-0.2	0	1	cost=1.9931	23	0.0316	-1
-0.2	0	1	cost=1.5713	24	0.0316	-1
-0.2	0	1	cost=2.1958	24	0.0316	-1
-0.2	0	1	cost=1.9748	25	0.0316	-1
-0.2	0	1	cost=2.4214	25	0.0316	-1
-0.2	0	1	cost=1.8838	26	0.0316	-1
-0.2	0	1	cost=2.6726	26	0.0316	-1
-0.2	0	1	cost=2.3523	27	0.0316	-1
-0.2	0	1	cost=2.9521	27	0.0316	-1
-0.2	0	1	cost=2.2726	28	0.0316	-1
-0.2	0	1	cost=3.2631	28	0.0316	-1
-0.2	0	1	cost=2.8181	29	0.0316	-1
-0.2	0	1	cost=3.6094	29	0.0316	-1
-0.2	0	1	cost=2.7562	30	0.0316	-1
-0.2	0	1	cost=3.9948	30	0.0316	-1
-0.2	0	1	cost=0.3269	Inf	0.0316	-1
-0.2	0	1	cost=0.1998	Inf	0.0316	-1
-0.2	0	1	cost=0.5878	1	0.0562	-1
-0.2	0	1	cost=0.4015	1	0.0562	-1
-0.2	0	1	cost=1.0394	2	0.0562	-1
-0.2	0	1	cost=1.5018	2	0.0562	-1
-0.2	0	1	cost=6.9690	3	0.0562	-1
-0.2	0	1	cost=8.9845	3	0.0562	-1
-0.2	0	1	cost=41.1503	4	0.0562	-1
-0.2	0	1	cost=60.8323	4	0.0562	-1
-0.2	0	1	cost=293.5720	5	0.0562	-1
-0.2	0	1	cost=423.3372	5	0.0562	-1
-0.2	0	1	cost=2028.2075	6	0.0562	-1
-0.2	0	1	cost=2968.6979	6	0.0562	-1
-0.2	0	1	cost=14303.5906	7	0.0562	-1
-0.2	0	1	cost=20876.8936	7	0.0562	-1
-0.2	0	1	cost=100522.8207	8	0.0562	-1
-0.2	0	1	cost=146989.5351	8	0.0562	-1
-0.2	0	1	cost=708414.1777	9	0.0562	-1
-0.2	0	1	cost=1035481.4839	9	0.0562	-1
-0.2	0	1	cost=4990771.5612	10	0.0562	-1
-0.2	0	1	cost=7296367.3593	10	0.0562	-1
-0.2	0	1	cost=35174202.9473	11	0.0562	-1
-0.2	0	1	cost=51418722.6727	11	0.0562	-1
-0.2	0	1	cost=247894497.7698	12	0.0562	-1
-0.2	0	1	cost=362375802.3394	12	0.0562	-1
-0.2	0	1	cost=1747163524.4079	13	0.0562	-1
-0.2	0	1	cost=2553923713.7252	13	0.0562	-1
-0.2	0	1	cost=12313932763.3972	14	0.0562	-1
-0.2	0	1	cost=17999551250.6688	14	0.0562	-1
-0.2	0	1	cost=86788387385.1287	15	0.0562	-1
-0.2	0	1	cost=126857973371.0356	15	0.0562	-1
-0.2	0	1	cost=611680287132.8704	16	0.0562	-1
-0.2	0	1	cost=894077043769.2472	16	0.0562	-1
-0.2	0	1	cost=4311083322502.4536	17	0.0562	-1
-0.2	0	1	cost=6301335780262.6865	17	0.0562	-1
-0.2	0	1	cost=30384158551008.5117	18	0.0562	-1
-0.2	0	1	cost=44410998203462.6328	18	0.0562	-1
-0.2	0	1	cost=214144667575038.3125	19	0.0562	-1
-0.2	0	1	cost=313003039848643.3125	19	0.0562	-1
-0.2	0	1	cost=1509269244655079.0000	20	0.0562	-1
-0.2	0	1	cost=2206005680732921.2500	20	0.0562	-1
-0.2	0	1	cost=10637161994274844.0000	21	0.0562	-1
-0.2	0	1	cost=15547648764137988.0000	21	0.0562	-1
-0.2	0	1	cost=74969485764914496.0000	22	0.0562	-1
-0.2	0	1	cost=109577862946284272.0000	22	0.0562	-1
-0.2	0	1	cost=528376008425413568.0000	23	0.0562	-1
-0.2	0	1	cost=772290934118594944.0000	23	0.0562	-1
-0.2	0	1	cost=3723929991263067648.0000	24	0.0562	-1
-0.2	0	1	cost=5443008962791690240.0000	24	0.0562	-1
-0.2	0	1	cost=26245800908715442176.0000	25	0.0562	-1
-0.2	0	1	cost=38361639810105229312.0000	25	0.0562	-1
-0.2	0	1	cost=184977151182716665866.0000	26	0.0562	-1
-0.2	0	1	cost=270367993272203608064.0000	26	0.0562	-1
-0.2	0	1	cost=1303695895396212801526.0000	27	0.0562	-1
-0.2	0	1	cost=1905519476940614402088.0000	27	0.0562	-1
-0.2	0	1	cost=9188285452781935919264.0000	28	0.0562	-1
-0.2	0	1	cost=13429860664962074018682.0000	28	0.0562	-1
-0.2	0	1	cost=64757882401115458240062.0000	29	0.0562	-1
-0.2	0	1	cost=94651962199245865352426.0000	29	0.0562	-1
-0.2	0	1	cost=456405410594076250602420.0000	30	0.0562	-1
-0.2	0	1	cost=667095078061818177920442.0000	30	0.0562	-1
-0.2	0	1	cost=0.3269	Inf	0.0562	-1
-0.2	0	1	cost=0.1998	Inf	0.0562	-1
